Episode,A2C_Reward,A2C_Moving_Average,A3C_Reward,A3C_Moving_Average
1,-7.732091082316888,-7.732091082316888,-9.634820241605265,-9.634820241605265
2,-7.74623843414649,-7.73916475823169,-7.439277025074058,-8.537048633339662
3,-4.938635365079315,-6.805654960514231,-3.514287718161032,-6.8627949949467855
4,-1.973789268755795,-5.597688537574622,-2.081420684189025,-5.667451417257345
5,-4.296916765781342,-5.337534183215967,-1.525956900267167,-4.839152513859309
6,-3.1299172163152424,-4.9695980220658456,0.30029288889103656,-3.9825782800675853
7,1.6381831174182169,-4.025629287853836,3.8264242169355343,-2.867006494781425
8,1.1292330868522844,-3.3812714910155712,2.164263139095678,-2.2380977905467874
9,-0.25792703015348584,-3.0342332175864506,5.577239536918559,-1.369726976383971
10,2.823783703541964,-2.4484315254736093,5.742136465222282,-0.6585406322233457
11,1.8394800422025313,-2.0586213829575963,7.115739465948827,0.048212103974124544
12,2.8316467564483023,-1.6510990380071051,10.714735068515878,0.9370890176859374
13,5.2122004502968045,-1.1231529235221889,11.57201403575733,1.7551601729221984
14,1.834621335565207,-0.911883333587375,12.834687186747189,2.5465549596239834
15,3.1114696426135895,-0.6436598018406439,14.914880337661028,3.3711099848264534
16,6.303681666999775,-0.20945096003811775,13.936121840631971,4.031423225814298
17,6.236117618266302,0.16970013280331872,16.225727449279276,4.748735238959297
18,9.690249942736202,0.6986195666884788,15.666299036842917,5.355266561063942
19,8.012154591539838,1.083542462733287,17.8338157781767,6.012032309333034
20,7.736675215009775,1.4161991003471115,18.11246203131341,6.617053795432054
21,14.192593815904685,2.51243334525819,19.511994268180597,8.074394520921347
22,11.477132914940052,3.4736019127125175,21.335195645307863,9.513118154440443
23,12.69908735584527,4.355488048758747,19.872297143841717,10.682447397540582
24,10.318553053840493,4.970105164888561,25.724350696030097,12.072735966551537
25,12.652825052845918,5.817592255819924,21.32599480627212,13.215333551878501
26,14.50747709370401,6.699461971320886,21.80675718270581,14.290656766569239
27,12.499287035269214,7.242517167213437,26.6409226584312,15.43138168864402
28,16.04113039497684,7.988112032619665,26.786771079485955,16.662507085663535
29,14.551061455579926,8.728561456906334,27.239330435559506,17.745611630595583
30,15.607128030542047,9.36772867325634,27.953549796356807,18.85618229715231
31,15.402371996808514,10.045873270986636,27.542373419468348,19.877513994828284
32,20.70430863930334,10.93950636512939,26.687682947708478,20.676161388787914
33,17.347100283090956,11.546251356769098,28.964945875864746,21.54580798079329
34,15.615132078777528,12.235276893929711,28.282500990738562,22.318198670992857
35,19.7160134284921,13.065504083223638,31.66484813729803,23.155697060974706
36,15.95535128640792,13.548087564194045,30.307858211650718,23.974283879525643
37,19.12849048450337,14.192706207505902,29.683865649782174,24.647190789550788
38,15.094639660010076,14.462925693369593,31.050279430995058,25.416389809258394
39,16.65220433942982,14.894928180764092,32.78955580779313,26.164176810739217
40,19.990157203091087,15.507602280168157,31.60314461805381,26.838710940076236
41,21.356351665946377,15.865790172670241,31.622032267650642,27.444212840049737
42,20.50209804424369,16.317038429135426,33.87829028546677,28.07136757205768
43,20.206759148301174,16.69242201875822,34.312014597821296,28.79335344475666
44,20.115032795488826,17.182246005840636,33.45408686368569,29.17984025313944
45,18.041545793095203,17.4516820428531,33.925627318255664,29.80982187873862
46,19.84401619228352,17.718508997782077,35.522949107905205,30.49563147499859
47,20.652822429595414,18.126185767498388,33.06171450768021,30.816671067461037
48,23.98544119124631,18.52340130731186,33.51999722099994,31.15333237453674
49,22.863549059341295,18.939025687499928,35.07605838671692,31.54516877209461
50,18.964572940119165,19.106897932978786,36.3159958040606,31.963291072479798
51,23.463474083282783,19.5099530373025,37.58671273229486,32.46550803812112
52,22.381068095816808,19.59379101012817,39.944555474983666,33.12835166448488
53,22.14541890374713,19.83370694116098,39.27274480004404,33.64374161069385
54,25.083443320769298,20.307122503260565,37.92205063723641,34.125719093018745
55,26.296268859783062,20.636135274825115,38.542670325963684,34.469610202452024
56,26.484770793085524,21.162606250158998,37.254379179610204,34.81693625084999
57,23.345743132449513,21.373468882556303,39.31423523148724,35.29845472993525
58,24.821866911963085,21.859830245153955,39.24599590603941,35.70824055368747
59,26.533050592120063,22.353872557788467,40.680869325942965,36.10280622959496
60,28.26579207762588,22.767654301515204,39.12646653959749,36.478972325672146
61,25.8141616242374,22.99054479942976,41.821502955630734,36.988945860071155
62,26.872174426914977,23.30904861856332,43.95574065397828,37.49281837849672
63,25.514386126816543,23.57442996748909,41.58245931276611,37.85634061424397
64,25.830063791480356,23.860181517288666,42.87341382702536,38.32730696241095
65,30.353956977873338,24.475802076527575,43.792784124280644,38.8206648027122
66,31.957851891149545,25.081493861470875,42.37229116621849,39.163131905627864
67,29.626775431817425,25.530191511581975,43.87576109951952,39.70383423521983
68,32.311058235215214,25.94647236378042,43.961994496060115,40.225934098972836
69,31.56695511609619,26.381642666618166,44.55741725499515,40.70000204238675
70,30.09826388920947,26.93832721407268,43.53260015013274,41.06083225969035
71,32.65980552591224,27.39814378620415,45.34779668791554,41.44888645747139
72,35.56378549977863,28.057279656402244,46.61562597370511,41.78243998240747
73,32.96738877512002,28.59837814997089,48.701714882228266,42.25388848651667
74,36.718688566172126,29.18014041224103,48.33340809955101,42.774456359632396
75,28.89767473684605,29.310210706094182,50.8323049684171,43.38893809175507
76,36.32449011450955,29.802196672165383,46.33720414551772,43.84307934005045
77,35.39240288882679,30.404529659984245,49.59413007304043,44.35707408212811
78,35.150374095222936,30.920955019147236,48.891142569782915,44.839331415315286
79,36.45281760781659,31.416943369932063,52.768250915797005,45.443700494807985
80,32.80429329933682,31.64386843101761,48.1344870956884,45.89410152261253
81,36.83789228562156,32.19505496408682,48.53997272135789,46.230025010898885
82,38.47543084676891,32.77521778507952,49.402335141061904,46.50235473525307
83,41.18568679106693,33.55878281829204,47.25837201332448,46.786150370280986
84,37.64540759522947,34.149550008479494,50.4157841473167,47.16326888629556
85,37.499083808366485,34.50680635000415,50.45149352234305,47.496204356198675
86,38.52756464179962,34.83529198753665,52.42102865843838,47.99864123080967
87,41.75668901062322,35.44178766647694,53.1596031800843,48.46283333483791
88,40.957015528368096,35.87408553113458,56.170341607575715,49.073250690413694
89,39.59158589907973,36.27531707028376,54.98686720568063,49.59472318794796
90,42.00646486734828,36.870727119190704,52.76789465090263,50.05648791298646
91,41.47953554820271,37.31171362030523,52.585169378414356,50.4183565475114
92,43.50427817130613,37.708738253881606,55.29816005746034,50.852483251699155
93,40.42031577232075,38.08138460374163,52.551779401177214,51.04498647764661
94,41.40216715086219,38.31555853297614,58.228125006090124,51.53972232297357
95,41.48193273357924,38.9447714328128,57.42175369830572,51.869194759467995
96,39.52346072793728,39.104719963484186,54.90422751769075,52.297545928076644
97,43.202995870628435,39.49524961257427,53.05722000270052,52.47070042455965
98,43.26943478529626,39.90120264707794,58.52107386432457,52.95219698928673
99,42.87094520951619,40.222109027162915,56.25663113882983,53.126616000438375
100,42.482420681604964,40.70601539627633,58.76918808580565,53.65835104994424
101,40.19000258458911,40.873620911224705,54.14947878081344,53.93882635291702
102,42.2277922010702,41.06123897893976,56.01767260851197,54.26959322628952
103,42.412220778795096,41.12256567832617,57.20365789182451,54.766857520214515
104,41.50304346998694,41.315447472064044,57.41438900381109,55.11678776303925
105,42.77761594400296,41.57937407884587,56.69103530849481,55.42876485234683
106,43.88487804488372,41.84723974900008,58.61874839426587,55.7386508391382
107,46.81118459189898,42.099964528063865,55.83120760112971,55.87223106019047
108,43.336980011650574,42.21896275222799,57.47332946791429,55.9373804532074
109,43.44050904956571,42.41140890975229,57.97257406701462,56.0866657962741
110,42.704328515516195,42.44630209216068,58.679407256190146,56.382241426538485
111,38.935421714098304,42.319096400455464,59.036171188738955,56.70479151705471
112,42.63335155371202,42.27555006957576,55.92162625115865,56.73596482673962
113,42.71569026648964,42.3903187942842,55.21896148111628,56.86932393073657
114,47.42777647178177,42.69159926033018,59.97967022634516,56.95690119174933
115,42.02162149633305,42.71858369846787,58.3413812919629,57.00288257143219
116,42.91524341365859,42.88817283275394,56.4620013898587,57.08077126504058
117,42.151026441358844,42.835574361290455,60.31955694006064,57.4438881119086
118,39.79559762344187,42.66188250319773,57.818681170861474,57.408768477235434
119,44.33696517528437,42.73518350148614,59.55865216330018,57.57386952845896
120,43.481015172035455,42.785113226007674,57.593957822353914,57.515108015286366
121,43.49403894864467,42.95031504421045,60.9024561298575,57.85275688273856
122,40.03847589183289,42.84084922874858,60.29912878653261,58.0668296916396
123,44.61992930821395,42.95123465521952,56.8047181071467,58.04688270240572
124,38.98080865482258,42.8251229144613,58.790767698894896,58.115701637159894
125,42.94263455620431,42.83337384507137,58.14679289073106,58.188489516271716
126,46.14952542002007,42.94660621382819,59.287474507706285,58.22192582194374
127,39.803442688850204,42.596219118675755,55.233324408742945,58.192031662324396
128,40.6848238714243,42.463611311664444,57.95575332892136,58.21615285537475
129,42.067291344456436,42.394950426408975,58.508538354994094,58.242951069773724
130,40.929797024221344,42.30622385184423,53.644154219852595,57.99118841795685
131,38.922756035124216,42.30559056789552,54.553331855395975,57.767046451289694
132,42.26735951149524,42.28729096578469,53.0360750380865,57.62276889063609
133,40.130689554152454,42.158040930167836,55.99063401507686,57.66135251733412
134,43.34640963571185,41.95397258836433,57.62312070001856,57.54352504101779
135,40.722975616163026,41.88904029435584,58.92159227407253,57.572535590123266
136,45.842627955073894,42.035409521426594,56.468173418253826,57.57284419154303
137,41.37504724306819,41.99661056151207,59.09648120676103,57.51169040487804
138,42.51347213270953,42.13250428697545,53.978859041077044,57.31969929838882
139,45.01717225186206,42.16651464080434,53.43855183426886,57.01369428193725
140,41.1765808208292,42.05129292324402,56.26163252252377,56.94707801694575
141,44.35603688436268,42.09439282002992,57.043560864568875,56.754133253681324
142,46.79173931559099,42.43205599121783,56.38272607694722,56.558313118202044
143,41.25114091112947,42.263616571363606,52.984544641526895,56.36730444492106
144,45.13503585911973,42.571327931578466,56.42188471753726,56.248860295853184
145,45.59480422629486,42.70393641508299,54.443270535200654,56.063684178076656
146,46.956089183005325,42.74426460323225,57.89997519440819,55.99430921241175
147,43.242538150339485,42.916219376306714,57.498404222105464,56.107563203079884
148,43.40451417998686,43.05220389173484,55.403762246500946,55.97996364895886
149,47.42164507103176,43.31992157806361,56.26670942027639,55.867872202222976
150,47.30573373973104,43.638718413839094,55.49025781978071,55.96017738221938
151,47.5467197353926,44.069916598852515,57.34639524992088,56.099830551945615
152,48.07085657445482,44.36009145200049,59.249515300568106,56.410502565069706
153,46.34668466866493,44.670891207726115,56.1329891081639,56.41762031972405
154,48.49486874390029,44.92831416313554,58.85794287897978,56.47936142867211
155,48.933318274704334,45.3388312960626,57.30055750393997,56.39830969016549
156,47.22683642513849,45.40804171956584,57.062777134544305,56.428039875980005
157,52.685426615450275,45.97356068818493,58.44419826462522,56.39542572887323
158,50.1883329725665,46.35730373017778,57.087592410623635,56.55086239735054
159,47.13185075900278,46.46303765553482,58.132521051212265,56.78556085819772
160,51.08698784518513,46.95855800675262,57.26738388478839,56.83584842631095
161,48.06829451576704,47.14417088832284,62.87662695932652,57.12750173104884
162,51.81878069727529,47.39552295740705,59.831039410692284,57.29991739773609
163,52.770863005864925,47.971509062143824,58.816630767094985,57.59152170401448
164,49.00252044513468,48.16488329144457,60.60446513808759,57.80065072504201
165,52.74117219209865,48.52220168973476,60.282623037317826,58.09261835014787
166,51.79013549440865,48.76390400530492,60.32804780472094,58.2140219806635
167,52.737897266525124,49.23867196111421,61.97402711841545,58.437803125479
168,54.995184149629,49.818205459596314,62.439002053045314,58.78956511580621
169,50.79697016852398,49.986971714470926,60.46466895533302,58.999463092559054
170,49.844601173407,50.11391508615473,60.59586784486292,59.25474359381316
171,49.61554654990725,50.21735642688046,61.30737047967802,59.45279235530103
172,49.78377163607064,50.30300217996125,58.05290136414579,59.392961658479905
173,51.26060387109784,50.54869814008289,59.57165696654376,59.5648950513989
174,52.07554947271009,50.72773217652339,64.64173741754888,59.85408477832736
175,51.90465199929692,50.87629886275302,65.27352881589017,60.25273334392487
176,52.94394675296297,51.16215437914423,62.20048977530729,60.50961897596302
177,51.23500730531709,51.08963341363758,63.7378395447379,60.77430103996865
178,54.017561255616656,51.281094827790085,63.407145370803,61.090278687977616
179,50.46580618903967,51.44779259929193,68.21841749437769,61.59457351013589
180,56.304403614843025,51.70866338777482,64.97943556705101,61.98017609424902
181,51.96994811447009,51.903746067709974,62.935721233908794,61.983130807978135
182,48.84582692767747,51.755098379230084,61.59070032222472,62.071113853554756
183,48.24832819735665,51.52897163880467,60.530828589173865,62.156823744658695
184,51.17500798275739,51.637596015685816,63.6389757447219,62.30854927499041
185,49.57466628452567,51.479270720307156,62.0232121180444,62.39557872902674
186,51.25435288559699,51.45248158986658,60.89179425374789,62.4237660514781
187,50.57251240625085,51.34421234685286,62.19592772333051,62.43486108172384
188,49.276713307859104,51.058288804764366,61.42705341186501,62.38426364966483
189,47.523507639950175,50.894615678335676,66.08984945446264,62.66552267462131
190,45.982261544500325,50.70149869689034,64.66237574046528,62.86884806940143
191,47.9156647125291,50.61650460502143,63.07826575614542,62.95739283322479
192,50.321830991993046,50.64340757281756,65.52288015926476,63.330891772980735
193,48.842852161814434,50.52251998735339,63.041229138821606,63.50437038159464
194,45.735761389987736,50.20553058321727,61.336537319688475,63.33911037670161
195,48.39471542568127,50.03003375453649,65.27012206269146,63.338940039041674
196,48.650176486796646,49.81534524122817,63.46696733418659,63.402263916985646
197,45.95454697432559,49.55132222467859,60.64833125570556,63.247788502534036
198,47.88533780590681,49.2447110521931,61.94067698958992,63.17446508347338
199,47.564115835154944,49.09962653449887,60.62107733140987,62.794598075324984
200,45.046930057335274,48.53675285662348,59.598056011543314,62.5255290975496
201,47.95004434802046,48.33575766830099,63.357388989737636,62.54661248534104
202,48.275011199781055,48.30721688190617,64.85895188477045,62.710025063468336
203,49.25671258292773,48.35763610118473,59.06254153902275,62.63661071096078
204,49.15426889089092,48.256599146591405,62.222559420227284,62.56578989473604
205,44.266823492148745,47.99120700697256,59.98421113289223,62.46383984547843
206,45.14186926092434,47.685582825738926,60.087513784447694,62.42362582201342
207,48.06308166489946,47.56011128867136,59.73555199193111,62.300607035443456
208,48.09634074857501,47.50109266070716,59.10363078053453,62.18443590387693
209,48.154874510994794,47.53266100425938,60.488602549110524,61.90437355860932
210,54.90634719272123,47.97886528667043,58.83219176175295,61.61286435967371
211,48.43856400977743,48.00501025153285,60.54931673991596,61.48641690886224
212,49.68316454145243,47.97307692900581,59.855924161343836,61.20306910896619
213,49.454058348649,48.00363723834754,59.39493152614409,61.02075422833231
214,49.00091605316016,48.16689497150616,58.12704498413777,60.860279611554766
215,47.23688794351362,48.10900359739778,58.56796308335499,60.52517166258796
216,49.570905908939366,48.155040068504924,60.72182709759403,60.38791465075833
217,46.70802400351199,48.19271391996424,60.1897661283566,60.36498639439087
218,47.994719234970084,48.1981829914174,57.5889367663909,60.147399383230926
219,47.724995208173404,48.20622696006832,59.34484692683454,60.083587863002165
220,49.09813774910722,48.40878734465692,60.39169119269256,60.123269622059624
221,53.81221088586231,48.70189567154902,56.22828760405797,59.766814552775635
222,45.70516911824662,48.57340356747229,59.955885400439094,59.52166122855906
223,51.07573071595264,48.664354474123535,57.885838536459,59.46282607843087
224,46.74634850791698,48.54395845497484,59.97686245081748,59.35054122996039
225,49.299861384652026,48.79561034960001,57.71837355430009,59.23724935103079
226,52.695235598086605,49.173278666458124,55.97122379261799,59.03143485143929
227,50.91944314795192,49.31609674061074,56.31077899084181,58.86019620138484
228,48.90715421804797,49.35663741408439,59.21173346338762,58.865601335527494
229,49.900291100892055,49.44390824357925,59.63797089008685,58.8230697525763
230,52.953146518484616,49.346248209867426,57.739294514813125,58.76842489022931
231,50.38940505912548,49.44379026233482,60.45575490191929,58.763746798329485
232,52.530759606981924,49.5861700156113,56.65191143183373,58.60354616185398
233,52.4266452503515,49.73479936069642,59.482771393548155,58.607938155224176
234,51.2584204043073,49.84767457825378,57.66661170517986,58.584916491276296
235,57.062672073322304,50.338963784744216,58.75835770438576,58.594436222327815
236,54.24149828942284,50.57249340376839,60.098325523034895,58.56326114359986
237,49.106731944545864,50.69242880082008,58.71560267434148,58.48955297089911
238,53.69663538931499,50.97752460853733,59.693511431901406,58.594781704174636
239,52.149201632085585,51.198734929732936,62.23435005838755,58.73925686075229
240,55.30813281067381,51.50923468281127,59.72578642235792,58.705961622235556
241,52.12939211186564,51.42509374411143,62.31545203474154,59.01031984376973
242,53.576167952997615,51.81864368584898,59.16690462432716,58.970870804964136
243,54.88636266500768,52.00917528330174,62.1839708154269,59.18577741891254
244,55.65782581345444,52.45474914857861,63.93202264818654,59.383535428780974
245,51.554612332526425,52.56748669597232,57.47864193559322,59.37154884784563
246,53.293981036245306,52.59742396788026,60.524693931066174,59.59922235476805
247,52.99983054993265,52.7014433379793,63.058180448756254,59.93659242766377
248,52.608974308901054,52.886534342521955,61.927359681006095,60.0723737385447
249,57.39198394385384,53.26111898467004,63.09538724775388,60.24524455642804
250,54.5965098821599,53.343287152853804,61.62499631626938,60.439529646500866
251,51.17091172875859,53.38236248633547,62.98066724259842,60.56577526353482
252,55.4159650468481,53.52662275832878,62.7438329941135,60.870371341648806
253,57.694436557795704,53.79001232370099,65.16106293914925,61.15428591892886
254,55.36827318139305,53.995504962555266,63.767075210061655,61.459309094172944
255,50.102284525612426,53.647485585169775,64.05768577185472,61.7242754975464
256,51.99593525318686,53.53520743335798,62.92240045369698,61.86547924407951
257,55.308633120961886,53.84530249217878,62.92133334787362,62.075765777756104
258,51.15832741928857,53.718387093677464,63.130709444887366,62.247625678405406
259,53.25010692096177,53.77343235812127,64.63989196065651,62.36790277351885
260,53.69205024477515,53.69262822982633,63.34380725605432,62.54880381520367
261,50.06237104894283,53.5892771766802,64.62864716591871,62.66446357176253
262,51.565436346037025,53.488740596332164,67.7267304428027,63.09245486268632
263,44.96671653642278,52.992758289902916,65.72761134242718,63.26963688903631
264,49.163475715469964,52.66804078500369,63.72598594095597,63.259335053674796
265,50.470087324546476,52.61381453460469,66.34102362995047,63.70245413839266
266,48.2443386268264,52.36133241413374,63.609091183945026,63.85667400103661
267,53.77284022249076,52.39998289776165,60.82699756605469,63.74511485690152
268,47.4209759785947,52.14058298124634,62.55227569375934,63.77636065753918
269,49.18119956680771,51.73004376239403,61.04529186836513,63.673855888569754
270,50.111199831819626,51.505778259877026,63.5733486073112,63.77127350312183
271,52.530647663223355,51.57376505660026,64.1335331614229,63.828916799063066
272,46.58619294677505,51.13227645159661,66.86991416521964,64.03522085761837
273,51.60689544573617,50.82789939599363,64.480455553508,64.0011904883363
274,49.1378296432003,50.51637721908399,63.44446348901445,63.98505990228394
275,47.00649756020474,50.36158787081361,65.1073870731113,64.03754496734678
276,49.76233191983375,50.24990770414595,59.80786855024844,63.88181837217435
277,49.122300744309406,49.94059108531333,63.82647699346241,63.92707555445379
278,47.428115424345236,49.754080485566156,64.58612453649629,63.99984630903424
279,48.69156947039928,49.52615361303803,60.60327664145794,63.798015543074314
280,47.724405965375105,49.22777139906803,64.89493288196077,63.87557182436963
281,48.685253305767766,49.158915511909285,63.353135095593,63.81179622085335
282,49.76610808479877,49.06894909884737,61.89334684940804,63.520127041183606
283,51.61813318919395,49.40151993148593,63.49228999918611,63.40836097402155
284,45.99538384246755,49.2431153378358,66.09064286192657,63.52659382007009
285,52.78255257783379,49.358738600500175,62.35134091096374,63.32710968412075
286,44.67808640718121,49.18042598951791,62.27477769128726,63.260394009487854
287,48.36438066506348,48.910003011646545,60.88259268952024,63.26317376566114
288,49.94965500991004,49.03643696321232,60.03068058069138,63.13709401000774
289,49.45878763685687,49.05031636671477,62.70123259051536,63.219891046115244
290,47.79310349537182,48.93441154989238,59.652016239513735,63.02382442772538
291,48.78094841743514,48.74692658760297,61.05126439717829,62.869710989513145
292,48.38583068226676,48.83690847437755,59.94544060721322,62.523487311612826
293,48.38253775441876,48.67569058981169,61.40622772572174,62.36977592022352
294,51.46344345404936,48.79197128035414,61.00133283854732,62.24761938770016
295,50.69342679454957,48.97631774207138,62.04866055235168,62.09468306166218
296,48.81947956970376,48.92917512456488,59.27803783857764,62.068191526078635
297,52.239634132912926,49.08504179399506,59.55683017362665,61.85470918508685
298,51.29782306490796,49.27852717602319,58.23337956295643,61.53707193640986
299,52.557759253555425,49.471836665181,59.035461806528325,61.45868119466337
300,52.4444497196106,49.70783885289278,60.33811926972925,61.230840514051806
