Arm_1_Probability,Arm_2_Probability,Arm_3_Probability,Arm_4_Probability
0.527,0.45,0.114,0.697
0.934,0.546,0.611,0.756
0.611,0.48,0.941,0.734
0.875,0.692,0.766,0.451
0.639,0.787,0.592,0.691
0.686,0.328,0.738,0.747
0.788,0.063,0.499,0.759
0.913,0.797,0.377,0.763
0.757,0.338,0.769,0.536
0.641,0.553,0.567,0.891
0.905,0.234,0.508,0.755
0.551,0.594,0.473,0.689
0.603,0.38,0.223,0.807
0.638,0.315,0.369,0.746
0.644,0.637,0.823,0.416
0.772,0.272,0.436,0.67
0.472,0.195,0.333,0.565
0.779,0.121,0.95,0.653
0.647,0.9,0.62,0.622
0.636,0.71,0.218,0.799
0.549,0.491,0.291,0.694
0.641,0.301,0.424,0.783
0.707,0.752,0.682,0.568
0.609,0.548,0.537,0.862
0.641,0.625,0.637,0.626
0.659,0.588,0.066,0.645
0.461,0.343,0.949,0.439
0.809,0.411,0.512,0.749
0.81,0.41,0.174,0.643
0.468,0.868,0.294,0.4
0.779,0.527,0.75,0.66
0.576,0.365,0.863,0.739
0.652,0.107,0.611,0.793
0.549,0.794,0.411,0.511
0.655,0.323,0.846,0.548
0.743,0.657,0.855,0.531
0.585,0.439,0.437,0.729
0.79,0.634,0.453,0.368
0.531,0.27,0.745,0.717
0.698,0.73,0.285,0.495
0.696,0.162,0.189,0.779
0.67,0.586,0.756,0.615
0.5,0.334,0.397,0.555
0.799,0.05,0.357,0.678
0.603,0.307,0.716,0.624
0.766,0.546,0.402,0.879
0.838,0.276,0.526,0.729
0.577,0.427,0.454,0.761
0.663,0.719,0.562,0.546
0.624,0.365,0.207,0.927
0.273,0.408,0.379,0.305
0.659,0.285,0.286,0.504
0.638,0.314,0.531,0.779
0.95,0.412,0.541,0.495
0.522,0.869,0.476,0.61
0.556,0.716,0.578,0.676
0.773,0.387,0.64,0.693
0.421,0.535,0.05,0.927
0.631,0.269,0.603,0.77
0.59,0.358,0.35,0.85
0.808,0.566,0.62,0.381
0.767,0.181,0.688,0.305
0.915,0.459,0.838,0.522
0.585,0.369,0.367,0.792
0.897,0.457,0.95,0.734
0.605,0.904,0.244,0.691
0.761,0.875,0.256,0.493
0.784,0.316,0.677,0.671
0.62,0.567,0.515,0.582
0.95,0.839,0.174,0.523
0.77,0.352,0.483,0.672
0.547,0.575,0.598,0.653
0.724,0.644,0.454,0.506
0.642,0.426,0.288,0.819
0.637,0.416,0.296,0.662
0.725,0.697,0.245,0.6
0.651,0.235,0.467,0.5
0.739,0.572,0.194,0.601
0.615,0.534,0.441,0.595
0.722,0.05,0.548,0.9
0.622,0.403,0.186,0.547
0.775,0.668,0.555,0.68
0.622,0.597,0.307,0.789
0.58,0.639,0.464,0.734
0.615,0.611,0.491,0.689
0.7,0.672,0.926,0.725
0.743,0.198,0.315,0.581
0.726,0.689,0.569,0.661
0.557,0.671,0.489,0.459
0.782,0.389,0.481,0.6
0.769,0.499,0.441,0.701
0.69,0.37,0.444,0.401
0.689,0.794,0.061,0.534
0.629,0.823,0.08,0.812
0.661,0.441,0.95,0.71
0.792,0.118,0.276,0.607
0.379,0.327,0.708,0.681
0.358,0.684,0.316,0.772
0.596,0.24,0.467,0.921
0.571,0.479,0.51,0.663
0.663,0.432,0.748,0.586
0.403,0.781,0.459,0.74
0.802,0.648,0.449,0.436
0.629,0.537,0.213,0.266
0.576,0.259,0.491,0.478
0.95,0.265,0.631,0.653
0.636,0.815,0.91,0.589
0.934,0.569,0.119,0.564
0.762,0.365,0.873,0.589
0.549,0.36,0.95,0.748
0.758,0.711,0.481,0.787
0.528,0.294,0.473,0.755
0.812,0.61,0.662,0.728
0.876,0.67,0.666,0.374
0.711,0.39,0.641,0.681
0.673,0.382,0.318,0.782
0.436,0.948,0.756,0.703
0.656,0.653,0.145,0.566
0.68,0.489,0.05,0.787
0.814,0.333,0.842,0.846
0.759,0.64,0.692,0.346
0.763,0.182,0.393,0.731
0.565,0.499,0.145,0.822
0.588,0.691,0.787,0.358
0.708,0.272,0.779,0.769
0.805,0.618,0.68,0.69
0.755,0.519,0.439,0.754
0.837,0.284,0.558,0.669
0.463,0.354,0.464,0.837
0.826,0.329,0.605,0.891
0.846,0.352,0.843,0.674
0.817,0.875,0.46,0.732
0.666,0.436,0.653,0.787
0.86,0.672,0.29,0.631
0.524,0.255,0.325,0.95
0.768,0.567,0.373,0.653
0.752,0.512,0.472,0.482
0.684,0.6,0.458,0.744
0.469,0.595,0.456,0.454
0.811,0.606,0.303,0.532
0.626,0.558,0.95,0.884
0.709,0.141,0.376,0.654
0.623,0.95,0.468,0.536
0.779,0.138,0.74,0.645
0.62,0.066,0.207,0.652
0.871,0.618,0.635,0.594
0.689,0.583,0.511,0.558
0.747,0.671,0.301,0.763
0.855,0.369,0.55,0.628
0.464,0.266,0.228,0.486
0.398,0.697,0.802,0.739
0.814,0.544,0.343,0.707
0.543,0.639,0.05,0.607
0.544,0.482,0.398,0.725
0.807,0.336,0.05,0.526
0.59,0.435,0.737,0.551
0.738,0.05,0.771,0.714
0.792,0.74,0.82,0.506
0.517,0.654,0.894,0.536
0.717,0.776,0.66,0.678
0.654,0.296,0.95,0.603
0.717,0.397,0.05,0.806
0.616,0.665,0.05,0.676
0.689,0.536,0.471,0.767
0.616,0.601,0.558,0.727
0.317,0.182,0.516,0.93
0.689,0.95,0.366,0.703
0.437,0.547,0.901,0.636
0.827,0.29,0.184,0.675
0.503,0.356,0.613,0.757
0.703,0.536,0.569,0.519
0.512,0.23,0.529,0.759
0.837,0.591,0.372,0.706
0.497,0.595,0.328,0.645
0.517,0.735,0.785,0.777
0.321,0.05,0.721,0.806
0.585,0.525,0.474,0.692
0.659,0.255,0.434,0.643
0.908,0.469,0.562,0.739
0.741,0.231,0.744,0.644
0.716,0.422,0.475,0.786
0.463,0.287,0.408,0.079
0.42,0.63,0.23,0.351
0.646,0.744,0.05,0.106
0.605,0.484,0.576,0.2
0.616,0.316,0.297,0.103
0.801,0.125,0.44,0.355
0.759,0.95,0.654,0.323
0.818,0.604,0.5,0.287
0.054,0.578,0.05,0.163
0.748,0.867,0.339,0.456
0.373,0.391,0.322,0.346
0.536,0.139,0.186,0.204
0.598,0.634,0.446,0.135
0.477,0.644,0.386,0.374
0.496,0.625,0.25,0.087
0.496,0.559,0.358,0.13
0.789,0.685,0.6,0.354
0.452,0.515,0.5,0.215
0.615,0.378,0.328,0.219
0.36,0.414,0.496,0.172
0.393,0.408,0.586,0.288
0.341,0.186,0.212,0.321
0.688,0.715,0.325,0.407
0.302,0.468,0.05,0.367
0.397,0.415,0.052,0.201
0.884,0.216,0.533,0.183
0.384,0.573,0.585,0.175
0.443,0.468,0.2,0.311
0.739,0.536,0.625,0.329
0.732,0.95,0.301,0.225
0.742,0.322,0.428,0.376
0.476,0.388,0.05,0.275
0.664,0.622,0.54,0.124
0.522,0.937,0.061,0.215
0.465,0.576,0.405,0.466
0.774,0.276,0.274,0.169
0.735,0.882,0.362,0.298
0.282,0.807,0.696,0.239
0.601,0.712,0.561,0.468
0.404,0.432,0.341,0.363
0.338,0.645,0.358,0.379
0.437,0.677,0.125,0.262
0.329,0.352,0.207,0.198
0.606,0.781,0.425,0.279
0.719,0.612,0.714,0.508
0.603,0.524,0.473,0.426
0.526,0.558,0.483,0.287
0.509,0.541,0.609,0.173
0.373,0.362,0.508,0.107
0.462,0.584,0.679,0.277
0.946,0.876,0.375,0.056
0.646,0.365,0.191,0.311
0.707,0.339,0.197,0.328
0.231,0.527,0.487,0.157
0.784,0.275,0.668,0.297
0.809,0.528,0.296,0.402
0.594,0.742,0.458,0.321
0.431,0.614,0.356,0.395
0.598,0.646,0.347,0.408
0.762,0.877,0.548,0.145
0.424,0.356,0.464,0.192
0.641,0.05,0.429,0.05
0.734,0.618,0.785,0.338
0.725,0.448,0.585,0.156
0.436,0.733,0.1,0.25
0.51,0.05,0.315,0.164
0.467,0.42,0.776,0.348
0.494,0.62,0.658,0.377
0.454,0.354,0.454,0.297
0.336,0.684,0.356,0.209
0.115,0.62,0.387,0.191
0.436,0.581,0.05,0.185
0.577,0.585,0.523,0.215
0.433,0.95,0.611,0.34
0.501,0.532,0.466,0.163
0.5,0.104,0.467,0.313
0.892,0.81,0.378,0.127
0.36,0.766,0.555,0.235
0.453,0.508,0.169,0.332
0.222,0.174,0.412,0.383
0.623,0.563,0.571,0.302
0.641,0.31,0.481,0.377
0.388,0.449,0.398,0.05
0.404,0.129,0.132,0.11
0.884,0.695,0.596,0.321
0.602,0.6,0.428,0.138
0.642,0.381,0.05,0.186
0.454,0.726,0.089,0.211
0.661,0.95,0.517,0.333
0.484,0.572,0.179,0.227
0.493,0.49,0.49,0.271
0.468,0.504,0.282,0.05
0.331,0.629,0.361,0.05
0.126,0.553,0.135,0.135
0.542,0.248,0.188,0.427
0.5,0.544,0.527,0.321
0.243,0.621,0.639,0.274
0.443,0.748,0.484,0.396
0.221,0.286,0.455,0.136
0.521,0.323,0.323,0.28
0.33,0.623,0.516,0.318
0.494,0.725,0.593,0.16
0.569,0.655,0.249,0.395
0.637,0.507,0.407,0.263
0.464,0.157,0.77,0.186
0.734,0.05,0.499,0.112
0.485,0.749,0.05,0.469
0.78,0.389,0.05,0.453
0.575,0.075,0.735,0.512
0.326,0.67,0.203,0.337
0.474,0.579,0.27,0.247
0.921,0.365,0.348,0.244
0.658,0.2,0.58,0.402
0.53,0.139,0.093,0.317
0.642,0.417,0.646,0.178
0.602,0.175,0.295,0.271
0.835,0.529,0.693,0.341
0.591,0.808,0.386,0.23
0.584,0.615,0.385,0.268
0.856,0.278,0.353,0.426
0.837,0.269,0.536,0.353
0.773,0.745,0.388,0.3
0.95,0.92,0.441,0.316
0.538,0.599,0.263,0.241
0.437,0.464,0.478,0.486
0.622,0.144,0.458,0.51
0.533,0.866,0.754,0.246
0.623,0.869,0.267,0.247
0.722,0.229,0.432,0.129
0.519,0.325,0.42,0.097
0.851,0.647,0.12,0.286
0.127,0.285,0.337,0.285
0.266,0.437,0.332,0.563
0.387,0.334,0.699,0.477
0.129,0.33,0.626,0.704
0.257,0.761,0.806,0.58
0.225,0.518,0.548,0.05
0.269,0.45,0.576,0.517
0.365,0.807,0.681,0.578
0.482,0.573,0.226,0.95
0.168,0.95,0.413,0.466
0.294,0.459,0.467,0.402
0.148,0.627,0.608,0.623
0.352,0.313,0.502,0.509
0.222,0.467,0.428,0.379
0.218,0.638,0.327,0.323
0.273,0.263,0.723,0.75
0.215,0.432,0.403,0.632
0.45,0.622,0.483,0.553
0.198,0.475,0.447,0.879
0.084,0.882,0.756,0.367
0.276,0.472,0.638,0.643
0.264,0.523,0.417,0.581
0.405,0.772,0.451,0.331
0.302,0.634,0.056,0.95
0.207,0.05,0.362,0.654
0.22,0.05,0.644,0.764
0.223,0.468,0.203,0.753
0.283,0.251,0.513,0.366
0.337,0.322,0.635,0.65
0.4,0.95,0.499,0.777
0.124,0.577,0.895,0.473
0.321,0.864,0.206,0.501
0.202,0.47,0.943,0.162
0.309,0.942,0.679,0.357
0.259,0.303,0.484,0.184
0.341,0.593,0.566,0.823
0.173,0.477,0.911,0.578
0.323,0.705,0.63,0.23
0.299,0.784,0.152,0.775
0.05,0.691,0.697,0.296
0.241,0.683,0.316,0.619
0.134,0.692,0.743,0.259
0.441,0.352,0.622,0.792
0.248,0.394,0.95,0.34
0.318,0.681,0.453,0.367
0.099,0.574,0.479,0.613
0.142,0.677,0.501,0.372
0.321,0.216,0.626,0.492
0.277,0.564,0.259,0.419
0.05,0.899,0.419,0.446
0.219,0.116,0.699,0.39
0.353,0.749,0.762,0.401
0.195,0.332,0.592,0.692
0.173,0.748,0.944,0.523
0.234,0.451,0.827,0.431
0.226,0.618,0.322,0.671
0.315,0.334,0.311,0.567
0.141,0.512,0.881,0.298
0.138,0.094,0.492,0.95
0.24,0.95,0.271,0.68
0.138,0.95,0.495,0.05
0.303,0.676,0.624,0.289
0.311,0.474,0.375,0.695
0.102,0.762,0.577,0.434
0.447,0.438,0.384,0.832
0.213,0.417,0.373,0.326
0.23,0.821,0.06,0.466
0.149,0.296,0.574,0.662
0.33,0.95,0.851,0.364
0.272,0.109,0.656,0.517
0.321,0.107,0.504,0.564
0.101,0.05,0.485,0.761
0.177,0.53,0.95,0.442
0.161,0.489,0.217,0.56
0.328,0.5,0.605,0.718
0.348,0.548,0.373,0.437
0.305,0.542,0.859,0.37
0.33,0.543,0.05,0.747
0.288,0.7,0.646,0.794
0.379,0.268,0.764,0.429
0.117,0.596,0.761,0.755
0.158,0.277,0.406,0.634
0.209,0.449,0.266,0.622
0.235,0.475,0.662,0.674
0.19,0.05,0.473,0.676
0.1,0.117,0.05,0.784
0.12,0.354,0.588,0.594
0.353,0.318,0.502,0.736
0.282,0.875,0.401,0.464
0.278,0.107,0.5,0.48
0.336,0.95,0.229,0.484
0.404,0.747,0.352,0.581
0.158,0.335,0.583,0.144
0.181,0.772,0.324,0.584
0.141,0.374,0.737,0.61
0.209,0.442,0.569,0.762
0.086,0.387,0.95,0.296
0.203,0.654,0.568,0.732
0.05,0.669,0.284,0.371
0.284,0.614,0.604,0.446
0.124,0.456,0.59,0.489
0.299,0.658,0.113,0.461
0.306,0.199,0.05,0.64
0.228,0.305,0.275,0.562
0.345,0.436,0.545,0.661
0.097,0.48,0.757,0.151
0.247,0.457,0.725,0.368
0.141,0.58,0.412,0.861
0.292,0.521,0.39,0.571
0.388,0.408,0.611,0.35
0.309,0.95,0.503,0.673
0.204,0.568,0.581,0.43
0.274,0.785,0.537,0.391
0.339,0.95,0.541,0.462
0.131,0.638,0.95,0.762
0.25,0.448,0.389,0.577
0.276,0.436,0.657,0.389
0.128,0.731,0.707,0.599
0.09,0.645,0.306,0.554
0.289,0.423,0.508,0.597
0.335,0.242,0.913,0.65
0.256,0.95,0.604,0.422
0.221,0.818,0.535,0.679
0.145,0.673,0.662,0.389
0.469,0.542,0.05,0.95
0.154,0.857,0.532,0.489
0.177,0.834,0.603,0.058
0.334,0.169,0.687,0.616
0.17,0.593,0.95,0.253
0.229,0.924,0.463,0.625
0.264,0.198,0.525,0.777
0.255,0.391,0.616,0.853
0.422,0.598,0.162,0.735
0.134,0.309,0.477,0.558
0.218,0.436,0.139,0.829
0.326,0.371,0.659,0.595
0.267,0.502,0.571,0.109
0.4,0.21,0.668,0.95
0.146,0.707,0.679,0.768
0.195,0.449,0.26,0.359
0.305,0.388,0.737,0.95
0.25,0.284,0.565,0.623
0.218,0.346,0.507,0.571
0.27,0.773,0.204,0.696
0.228,0.567,0.563,0.307
0.242,0.607,0.475,0.818
0.438,0.475,0.559,0.59
0.366,0.499,0.398,0.606
0.206,0.35,0.757,0.248
0.163,0.924,0.361,0.806
0.281,0.363,0.654,0.213
0.171,0.592,0.57,0.536
0.42,0.115,0.711,0.274
0.267,0.874,0.756,0.58
0.194,0.412,0.335,0.757
0.249,0.929,0.743,0.453
0.136,0.19,0.137,0.636
0.248,0.309,0.314,0.735
0.265,0.582,0.37,0.735
0.253,0.565,0.677,0.556
0.099,0.431,0.544,0.615
0.288,0.451,0.6,0.377
0.193,0.668,0.744,0.413
0.253,0.217,0.392,0.95
0.188,0.95,0.653,0.189
0.336,0.321,0.271,0.934
0.163,0.477,0.699,0.906
0.386,0.422,0.104,0.364
0.118,0.251,0.05,0.717
0.28,0.574,0.278,0.788
0.172,0.316,0.95,0.191
0.281,0.587,0.715,0.364
0.295,0.427,0.551,0.429
0.268,0.482,0.501,0.327
0.337,0.735,0.154,0.92
0.05,0.87,0.47,0.95
0.211,0.627,0.727,0.423
0.246,0.666,0.532,0.389
0.146,0.473,0.504,0.616
0.235,0.05,0.803,0.421
0.177,0.375,0.439,0.384
0.391,0.605,0.434,0.813
0.227,0.631,0.24,0.473
0.195,0.698,0.69,0.556
0.188,0.679,0.519,0.247
0.336,0.779,0.526,0.5
0.265,0.364,0.609,0.701
0.226,0.476,0.555,0.95
